parent,child
equine.n.01,zebra.n.01
equine.n.01,horse.n.01
odd-toed_ungulate.n.01,equine.n.01
ungulate.n.01,odd-toed_ungulate.n.01
ungulate.n.01,even-toed_ungulate.n.01
placental.n.01,ungulate.n.01
placental.n.01,carnivore.n.01
placental.n.01,rodent.n.01
placental.n.01,primate.n.02
placental.n.01,pachyderm.n.01
placental.n.01,proboscidean.n.01
placental.n.01,cow.n.02
placental.n.01,bull.n.11
mammal.n.01,placental.n.01
vertebrate.n.01,mammal.n.01
vertebrate.n.01,reptile.n.01
vertebrate.n.01,bird.n.01
chordate.n.01,vertebrate.n.01
animal.n.01,chordate.n.01
animal.n.01,domestic_animal.n.01
animal.n.01,young.n.01
animal.n.01,invertebrate.n.01
organism.n.01,animal.n.01
organism.n.01,person.n.01
organism.n.01,plant.n.02
living_thing.n.01,organism.n.01
living_thing.n.01,life.n.10
whole.n.02,living_thing.n.01
whole.n.02,artifact.n.01
whole.n.02,natural_object.n.01
object.n.01,whole.n.02
object.n.01,location.n.01
object.n.01,land.n.02
object.n.01,land.n.04
object.n.01,floater.n.07
object.n.01,part.n.02
physical_entity.n.01,object.n.01
physical_entity.n.01,causal_agent.n.01
physical_entity.n.01,thing.n.12
physical_entity.n.01,matter.n.03
physical_entity.n.01,process.n.06
entity.n.01,physical_entity.n.01
entity.n.01,abstraction.n.06
chelonian.n.01,turtle.n.02
anapsid.n.01,chelonian.n.01
reptile.n.01,anapsid.n.01
person.n.01,tiger.n.01
person.n.01,simpleton.n.01
person.n.01,follower.n.01
person.n.01,juvenile.n.01
person.n.01,mouse.n.03
person.n.01,adult.n.01
person.n.01,male.n.02
person.n.01,unwelcome_person.n.01
person.n.01,communicator.n.01
person.n.01,female.n.02
person.n.01,preserver.n.03
person.n.01,capitalist.n.02
person.n.01,creator.n.02
person.n.01,worker.n.01
person.n.01,entertainer.n.01
person.n.01,planner.n.01
person.n.01,party.n.05
person.n.01,cancer.n.02
person.n.01,national.n.01
person.n.01,traveler.n.01
person.n.01,life.n.08
person.n.01,applicant.n.01
person.n.01,friend.n.01
person.n.01,intellectual.n.01
person.n.01,inhabitant.n.01
person.n.01,person_of_color.n.01
person.n.01,acquaintance.n.03
causal_agent.n.01,person.n.01
causal_agent.n.01,agent.n.03
causal_agent.n.01,agent.n.01
big_cat.n.01,tiger.n.02
big_cat.n.01,lion.n.01
feline.n.01,big_cat.n.01
feline.n.01,cat.n.01
carnivore.n.01,feline.n.01
carnivore.n.01,canine.n.02
carnivore.n.01,bear.n.01
bovid.n.01,sheep.n.01
bovid.n.01,bovine.n.01
ruminant.n.01,bovid.n.01
ruminant.n.01,deer.n.01
even-toed_ungulate.n.01,ruminant.n.01
even-toed_ungulate.n.01,camel.n.01
simpleton.n.01,sheep.n.02
follower.n.01,sheep.n.03
rodent.n.01,rat.n.01
rodent.n.01,mouse.n.01
pad.n.04,rat.n.05
padding.n.01,pad.n.04
artifact.n.01,padding.n.01
artifact.n.01,instrumentality.n.03
artifact.n.01,fixture.n.01
artifact.n.01,commodity.n.01
artifact.n.01,creation.n.02
artifact.n.01,line.n.18
artifact.n.01,lemon.n.05
artifact.n.01,decoration.n.01
artifact.n.01,structure.n.01
artifact.n.01,weight.n.04
artifact.n.01,plaything.n.01
artifact.n.01,surface.n.01
artifact.n.01,opening.n.10
artifact.n.01,covering.n.02
artifact.n.01,block.n.01
dog.n.01,puppy.n.01
canine.n.02,dog.n.01
domestic_animal.n.01,dog.n.01
pup.n.01,puppy.n.01
young_mammal.n.01,pup.n.01
young_mammal.n.01,kitten.n.01
young.n.01,young_mammal.n.01
young_person.n.01,puppy.n.02
juvenile.n.01,young_person.n.01
bivalve.n.01,oyster.n.01
mollusk.n.01,bivalve.n.01
invertebrate.n.01,mollusk.n.01
invertebrate.n.01,arthropod.n.01
helping.n.01,oyster.n.03
helping.n.01,drink.n.01
small_indefinite_quantity.n.01,helping.n.01
indefinite_quantity.n.01,small_indefinite_quantity.n.01
measure.n.02,indefinite_quantity.n.01
measure.n.02,definite_quantity.n.01
measure.n.02,system_of_measurement.n.01
measure.n.02,point.n.06
measure.n.02,fundamental_quantity.n.01
measure.n.02,time_interval.n.01
measure.n.02,time_unit.n.01
abstraction.n.06,measure.n.02
abstraction.n.06,psychological_feature.n.01
abstraction.n.06,communication.n.02
abstraction.n.06,relation.n.01
abstraction.n.06,attribute.n.02
abstraction.n.06,group.n.01
electronic_device.n.01,mouse.n.04
device.n.01,electronic_device.n.01
device.n.01,mechanism.n.05
device.n.01,restraint.n.06
device.n.01,machine.n.01
device.n.01,corrective.n.01
instrumentality.n.03,device.n.01
instrumentality.n.03,equipment.n.01
instrumentality.n.03,implement.n.01
instrumentality.n.03,furnishing.n.02
instrumentality.n.03,container.n.01
instrumentality.n.03,conveyance.n.03
primate.n.02,monkey.n.01
celebrity.n.01,lion.n.02
important_person.n.01,celebrity.n.01
adult.n.01,important_person.n.01
adult.n.01,woman.n.01
adult.n.01,man.n.01
adult.n.01,professional.n.01
horse.n.01,workhorse.n.02
horse.n.01,chestnut.n.06
gymnastic_apparatus.n.01,horse.n.02
sports_equipment.n.01,gymnastic_apparatus.n.01
sports_equipment.n.01,golf_equipment.n.01
sports_equipment.n.01,basketball_equipment.n.01
sports_equipment.n.01,weight.n.02
equipment.n.01,sports_equipment.n.01
equipment.n.01,photographic_equipment.n.01
equipment.n.01,game_equipment.n.01
equipment.n.01,electronic_equipment.n.01
pachyderm.n.01,elephant.n.01
proboscidean.n.01,elephant.n.01
emblem.n.02,elephant.n.02
symbol.n.02,emblem.n.02
representational_process.n.01,symbol.n.02
basic_cognitive_process.n.01,representational_process.n.01
basic_cognitive_process.n.01,perception.n.03
basic_cognitive_process.n.01,classification.n.03
process.n.02,basic_cognitive_process.n.01
process.n.02,higher_cognitive_process.n.01
cognition.n.01,process.n.02
cognition.n.01,ability.n.02
cognition.n.01,information.n.02
cognition.n.01,content.n.05
cognition.n.01,attitude.n.01
cognition.n.01,practice.n.05
psychological_feature.n.01,cognition.n.01
psychological_feature.n.01,event.n.01
psychological_feature.n.01,motivation.n.01
chap.n.01,dog.n.03
male.n.02,chap.n.01
male.n.02,man.n.01
cattle.n.01,cow.n.01
cattle.n.01,bull.n.01
bovine.n.01,cattle.n.01
unpleasant_woman.n.01,cow.n.03
unpleasant_person.n.01,unpleasant_woman.n.01
unpleasant_person.n.01,pain.n.04
unwelcome_person.n.01,unpleasant_person.n.01
gossip.n.03,cat.n.03
communicator.n.01,gossip.n.03
woman.n.01,cat.n.03
female.n.02,woman.n.01
man.n.01,bull.n.02
blunder.n.01,bull.n.04
mistake.n.01,blunder.n.01
nonaccomplishment.n.01,mistake.n.01
act.n.02,nonaccomplishment.n.01
act.n.02,activity.n.01
act.n.02,group_action.n.01
act.n.02,action.n.01
act.n.02,distribution.n.03
act.n.02,touch.n.05
act.n.02,propulsion.n.02
act.n.02,acquiring.n.01
act.n.02,speech_act.n.01
act.n.02,causing.n.01
act.n.02,hindrance.n.03
event.n.01,act.n.02
event.n.01,group_action.n.01
event.n.01,happening.n.01
event.n.01,social_event.n.01
policeman.n.01,bull.n.05
lawman.n.01,policeman.n.01
defender.n.01,lawman.n.01
preserver.n.03,defender.n.01
investor.n.01,bull.n.06
investor.n.01,bear.n.02
capitalist.n.02,investor.n.01
decree.n.01,bull.n.10
act.n.01,decree.n.01
legal_document.n.01,act.n.01
legal_document.n.01,written_agreement.n.01
legal_document.n.01,derivative_instrument.n.01
legal_document.n.01,security.n.04
legal_document.n.01,writ.n.01
legal_document.n.01,opinion.n.04
legal_document.n.01,law.n.02
legal_document.n.01,negotiable_instrument.n.01
legal_document.n.01,bill.n.01
legal_document.n.01,assignment.n.02
document.n.01,legal_document.n.01
document.n.01,commercial_document.n.01
writing.n.02,document.n.01
writing.n.02,matter.n.06
writing.n.02,sacred_text.n.01
written_communication.n.01,writing.n.02
communication.n.02,written_communication.n.01
communication.n.02,document.n.03
communication.n.02,signal.n.01
communication.n.02,auditory_communication.n.01
communication.n.02,message.n.02
communication.n.02,indication.n.01
communication.n.02,expressive_style.n.01
communication.n.02,language.n.01
undertaking.n.01,venture.n.01
undertaking.n.01,assignment.n.05
work.n.01,undertaking.n.01
work.n.01,wash.n.02
work.n.01,labor.n.02
work.n.01,investigation.n.02
work.n.01,duty.n.02
activity.n.01,work.n.01
activity.n.01,protection.n.01
activity.n.01,occupation.n.01
activity.n.01,pleasure.n.04
activity.n.01,game.n.01
activity.n.01,diversion.n.01
activity.n.01,wrongdoing.n.02
activity.n.01,turn.n.03
activity.n.01,control.n.05
activity.n.01,ceremony.n.03
activity.n.01,education.n.01
activity.n.01,ceremony.n.02
activity.n.01,practice.n.01
activity.n.01,market.n.01
activity.n.01,grouping.n.02
commercial_enterprise.n.02,venture.n.03
commerce.n.01,commercial_enterprise.n.02
transaction.n.01,commerce.n.01
group_action.n.01,transaction.n.01
group_action.n.01,social_control.n.01
group_action.n.01,due_process.n.01
group_action.n.01,assembly.n.06
imposition.n.01,taxation.n.03
enforcement.n.01,imposition.n.01
social_control.n.01,enforcement.n.01
social_control.n.01,management.n.01
number.n.02,quota.n.01
number.n.02,score.n.03
number.n.02,constant.n.02
number.n.02,cube.n.03
definite_quantity.n.01,number.n.02
definite_quantity.n.01,unit_of_measurement.n.01
allotment.n.01,quota.n.02
share.n.01,allotment.n.01
share.n.01,interest.n.05
share.n.01,dispensation.n.02
assets.n.01,share.n.01
assets.n.01,investment.n.02
assets.n.01,sum.n.01
assets.n.01,material_resource.n.01
assets.n.01,credit.n.02
assets.n.01,capital.n.01
assets.n.01,capital.n.02
possession.n.02,assets.n.01
possession.n.02,transferred_property.n.01
possession.n.02,property.n.01
relation.n.01,possession.n.02
relation.n.01,part.n.01
relation.n.01,relationship.n.01
trade_barrier.n.01,quota.n.03
protectionism.n.01,trade_barrier.n.01
economic_policy.n.01,protectionism.n.01
policy.n.02,economic_policy.n.01
argumentation.n.02,policy.n.02
reasoning.n.01,argumentation.n.02
thinking.n.01,reasoning.n.01
thinking.n.01,construction.n.03
higher_cognitive_process.n.01,thinking.n.01
higher_cognitive_process.n.01,decision_making.n.01
advantage.n.01,profit.n.02
asset.n.01,advantage.n.01
quality.n.01,asset.n.01
quality.n.01,power.n.01
quality.n.01,worth.n.02
quality.n.01,appearance.n.01
quality.n.01,ability.n.01
quality.n.01,morality.n.01
quality.n.01,clearness.n.02
attribute.n.02,quality.n.01
attribute.n.02,shape.n.02
attribute.n.02,property.n.02
attribute.n.02,trait.n.01
attribute.n.02,state.n.02
attribute.n.02,time.n.05
payment.n.01,payoff.n.01
payment.n.01,down_payment.n.01
payment.n.01,credit.n.05
cost.n.01,payment.n.01
cost.n.01,charge.n.03
outgo.n.01,cost.n.01
transferred_property.n.01,outgo.n.01
security_interest.n.01,mortgage.n.01
interest.n.05,security_interest.n.01
boundary.n.02,margin.n.01
line.n.04,boundary.n.02
line.n.04,straight_line.n.01
shape.n.02,line.n.04
shape.n.02,amorphous_shape.n.01
shape.n.02,round_shape.n.01
shape.n.02,figure.n.06
shape.n.02,solid.n.03
amount.n.02,margin.n.02
magnitude.n.01,amount.n.02
magnitude.n.01,extent.n.02
magnitude.n.01,dimension.n.01
property.n.02,magnitude.n.01
property.n.02,visual_property.n.01
property.n.02,physical_property.n.01
property.n.02,disposition.n.04
property.n.02,tactile_property.n.01
property.n.02,constitution.n.04
property.n.02,temporal_property.n.01
property.n.02,bodily_property.n.01
property.n.02,degree.n.01
property.n.02,extension.n.08
property.n.02,spatial_property.n.01
property.n.02,sound_property.n.01
down_payment.n.01,margin.n.03
space.n.07,margin.n.05
space.n.07,indentation.n.03
area.n.06,space.n.07
extent.n.02,area.n.06
extent.n.02,depth.n.01
extent.n.02,length.n.03
committedness.n.01,investment.n.03
seriousness.n.03,committedness.n.01
trait.n.01,seriousness.n.03
trait.n.01,emotionality.n.01
trait.n.01,character.n.03
skin.n.01,investment.n.04
body_covering.n.01,skin.n.01
covering.n.01,body_covering.n.01
covering.n.01,bark.n.01
natural_object.n.01,covering.n.01
natural_object.n.01,plant_part.n.01
natural_object.n.01,body.n.04
connective_tissue.n.01,skin.n.01
connective_tissue.n.01,bone.n.01
animal_tissue.n.01,connective_tissue.n.01
tissue.n.01,animal_tissue.n.01
body_part.n.01,tissue.n.01
body_part.n.01,structure.n.04
body_part.n.01,area.n.03
part.n.03,body_part.n.01
part.n.03,corner.n.09
thing.n.12,part.n.03
thing.n.12,body_of_water.n.01
dressing.n.06,investment.n.05
covering.n.04,dressing.n.06
protection.n.01,covering.n.04
promotion.n.02,investment.n.06
change.n.03,promotion.n.02
change.n.03,motion.n.03
change.n.03,change_of_state.n.01
change.n.03,motion.n.06
change.n.03,change_of_integrity.n.01
change.n.03,change_of_magnitude.n.01
change.n.03,satisfaction.n.05
change.n.03,change_of_shape.n.01
action.n.01,change.n.03
action.n.01,accomplishment.n.01
action.n.01,arrival.n.02
action.n.01,playing.n.02
curiosity.n.01,interest.n.01
cognitive_state.n.01,curiosity.n.01
psychological_state.n.01,cognitive_state.n.01
psychological_state.n.01,enchantment.n.02
condition.n.01,psychological_state.n.01
condition.n.01,atmosphere.n.01
condition.n.01,anchorage.n.01
condition.n.01,susceptibility.n.01
condition.n.01,physical_condition.n.01
condition.n.01,need.n.01
condition.n.01,difficulty.n.03
state.n.02,condition.n.01
state.n.02,nonbeing.n.01
state.n.02,hostility.n.02
state.n.02,feeling.n.01
state.n.02,situation.n.01
state.n.02,status.n.01
state.n.02,obligation.n.02
state.n.02,being.n.01
state.n.02,condition.n.03
state.n.02,office.n.04
state.n.02,relationship.n.03
state.n.02,action.n.02
power.n.01,interest.n.03
fixed_charge.n.01,interest.n.04
fixed_charge.n.01,fee.n.01
charge.n.03,fixed_charge.n.01
charge.n.03,poundage.n.01
social_group.n.01,interest.n.06
social_group.n.01,gathering.n.01
social_group.n.01,organization.n.01
social_group.n.01,political_system.n.01
social_group.n.01,kin.n.02
social_group.n.01,set.n.05
social_group.n.01,tribe.n.01
social_group.n.01,platoon.n.03
social_group.n.01,body.n.02
group.n.01,social_group.n.01
group.n.01,biological_group.n.01
group.n.01,kingdom.n.06
group.n.01,collection.n.01
group.n.01,arrangement.n.02
group.n.01,people.n.01
income.n.01,net_income.n.01
financial_gain.n.01,income.n.01
gain.n.04,financial_gain.n.01
sum.n.01,gain.n.04
store.n.02,hoard.n.01
accumulation.n.04,store.n.02
net_income.n.01,accumulation.n.04
precious_metal.n.01,gold.n.01
precious_metal.n.01,silver.n.02
valuable.n.01,precious_metal.n.01
treasure.n.01,valuable.n.01
wealth.n.03,treasure.n.01
wealth.n.03,gold.n.04
material_resource.n.01,wealth.n.03
noble_metal.n.01,gold.n.03
noble_metal.n.01,silver.n.01
noble_metal.n.01,platinum.n.01
metallic_element.n.01,noble_metal.n.01
metallic_element.n.01,zinc.n.01
metallic_element.n.01,titanium.n.01
metallic_element.n.01,potassium.n.01
metallic_element.n.01,magnesium.n.01
metallic_element.n.01,lithium.n.01
metallic_element.n.01,iron.n.01
metallic_element.n.01,copper.n.01
metallic_element.n.01,calcium.n.01
metallic_element.n.01,cadmium.n.01
metallic_element.n.01,bismuth.n.01
chemical_element.n.01,metallic_element.n.01
chemical_element.n.01,oxygen.n.01
chemical_element.n.01,nitrogen.n.01
chemical_element.n.01,neon.n.01
chemical_element.n.01,noble_gas.n.01
chemical_element.n.01,hydrogen.n.01
chemical_element.n.01,helium.n.01
chemical_element.n.01,germanium.n.01
chemical_element.n.01,carbon.n.01
substance.n.01,chemical_element.n.01
substance.n.01,material.n.01
matter.n.03,substance.n.01
matter.n.03,fluid.n.02
matter.n.03,substance.n.07
matter.n.03,solid.n.01
part.n.01,substance.n.01
invaluableness.n.01,gold.n.05
value.n.02,invaluableness.n.01
value.n.02,importance.n.01
worth.n.02,value.n.02
money.n.01,fund.n.01
medium_of_exchange.n.01,money.n.01
medium_of_exchange.n.01,currency.n.01
standard.n.01,medium_of_exchange.n.01
system_of_measurement.n.01,standard.n.01
license.n.04,dispensation.n.01
license.n.04,allowance.n.06
authorization.n.04,license.n.04
management.n.01,authorization.n.04
distribution.n.03,dispensation.n.03
distribution.n.03,allotment.n.02
distribution.n.03,assignment.n.03
entry.n.03,credit.n.03
accounting.n.04,entry.n.03
register.n.03,accounting.n.04
record.n.07,register.n.03
document.n.03,record.n.07
document.n.03,debt_instrument.n.01
accomplishment.n.01,credit.n.04
accomplishment.n.01,attainment.n.01
attainment.n.01,credit.n.06
title.n.03,credit.n.08
subheading.n.01,title.n.03
heading.n.01,subheading.n.01
line.n.05,heading.n.01
text.n.01,line.n.05
text.n.01,draft.n.05
matter.n.06,text.n.01
seat.n.05,capital.n.03
center.n.01,seat.n.05
area.n.01,center.n.01
area.n.01,anchorage.n.04
area.n.01,corner.n.01
area.n.01,corner.n.10
region.n.03,area.n.01
region.n.03,geographical_area.n.01
region.n.03,district.n.01
region.n.03,domain.n.02
location.n.01,region.n.03
location.n.01,region.n.01
location.n.01,space.n.02
location.n.01,point.n.02
character.n.08,capital.n.04
written_symbol.n.01,character.n.08
written_symbol.n.01,mark.n.10
symbol.n.01,written_symbol.n.01
symbol.n.01,pound.n.12
symbol.n.01,mark.n.06
symbol.n.01,dollar.n.04
signal.n.01,symbol.n.01
signal.n.01,visual_signal.n.01
center.n.11,capital.n.05
place.n.02,center.n.11
geographical_area.n.01,place.n.02
geographical_area.n.01,settlement.n.06
geographical_area.n.01,urban_area.n.01
geographical_area.n.01,country.n.04
top.n.01,capital.n.08
region.n.01,top.n.01
region.n.01,county.n.01
region.n.01,radius.n.03
assignment.n.03,allocation.n.03
wind.n.01,crosswind.n.01
wind.n.01,airstream.n.01
wind.n.01,draft.n.02
weather.n.01,wind.n.01
weather.n.01,precipitation.n.03
weather.n.01,atmosphere.n.04
atmospheric_phenomenon.n.01,weather.n.01
atmospheric_phenomenon.n.01,storm.n.01
atmospheric_phenomenon.n.01,atmospheric_electricity.n.01
atmospheric_phenomenon.n.01,cloud.n.02
atmospheric_phenomenon.n.01,aurora.n.02
physical_phenomenon.n.01,atmospheric_phenomenon.n.01
physical_phenomenon.n.01,cloud.n.01
physical_phenomenon.n.01,energy.n.01
physical_phenomenon.n.01,force.n.02
natural_phenomenon.n.01,physical_phenomenon.n.01
natural_phenomenon.n.01,organic_phenomenon.n.01
phenomenon.n.01,natural_phenomenon.n.01
phenomenon.n.01,consequence.n.01
process.n.06,phenomenon.n.01
process.n.06,organic_process.n.01
process.n.06,natural_process.n.01
influence.n.04,wind.n.02
consequence.n.01,influence.n.04
exhalation.n.02,wind.n.03
breath.n.01,exhalation.n.02
bodily_process.n.01,breath.n.01
bodily_process.n.01,sexual_activity.n.01
bodily_process.n.01,sleeping.n.03
organic_process.n.01,bodily_process.n.01
talk.n.01,wind.n.04
conversation.n.01,talk.n.01
speech.n.02,conversation.n.01
auditory_communication.n.01,speech.n.02
auditory_communication.n.01,music.n.01
rotation.n.01,wind.n.08
motion.n.03,rotation.n.01
motion.n.03,straddle.n.03
motion.n.03,snap.n.12
cyclone.n.02,typhoon.n.01
cyclone.n.02,tornado.n.01
cyclone.n.02,hurricane.n.01
windstorm.n.01,cyclone.n.02
storm.n.01,windstorm.n.01
storm.n.01,thunderstorm.n.01
storm.n.01,rainstorm.n.01
plumbing_fixture.n.01,shower.n.01
fixture.n.01,plumbing_fixture.n.01
washup.n.01,shower.n.02
cleaning.n.01,washup.n.01
improvement.n.02,cleaning.n.01
change_of_state.n.01,improvement.n.02
change_of_state.n.01,beginning.n.05
change_of_state.n.01,termination.n.05
wash.n.02,washup.n.01
rain.n.01,shower.n.03
rain.n.01,rainstorm.n.01
rain.n.01,drizzle.n.01
precipitation.n.03,rain.n.01
descent.n.01,shower.n.04
change_of_location.n.01,descent.n.01
movement.n.03,change_of_location.n.01
movement.n.03,bending.n.01
movement.n.03,deflection.n.03
happening.n.01,movement.n.03
happening.n.01,discharge.n.01
happening.n.01,flash.n.01
happening.n.01,beginning.n.01
happening.n.01,wonder.n.02
happening.n.01,trouble.n.03
happening.n.01,periodic_event.n.01
happening.n.01,sound.n.04
happening.n.01,change.n.01
happening.n.01,thing.n.05
party.n.02,shower.n.06
party.n.02,wedding.n.03
party.n.02,dance.n.02
social_gathering.n.01,party.n.02
social_gathering.n.01,company.n.06
social_gathering.n.01,meeting.n.02
gathering.n.01,social_gathering.n.01
gathering.n.01,community.n.01
gathering.n.01,municipality.n.02
gathering.n.01,meeting.n.01
gathering.n.01,crowd.n.01
gathering.n.01,audience.n.01
gathering.n.01,assembly.n.04
atmospheric_electricity.n.01,lightning.n.01
electrical_discharge.n.01,atmospheric_electricity.n.01
discharge.n.01,electrical_discharge.n.01
discharge.n.01,explosion.n.01
flash.n.01,lightning.n.02
aerosol.n.01,fog.n.01
cloud.n.01,aerosol.n.01
atmosphere.n.04,fog.n.02
atmosphere.n.04,cyclone.n.01
unreality.n.02,cloud.n.03
nonexistence.n.01,unreality.n.02
nonbeing.n.01,nonexistence.n.01
gloom.n.03,cloud.n.04
atmosphere.n.01,gloom.n.03
suspicion.n.03,cloud.n.05
hostility.n.02,suspicion.n.03
lenience.n.03,clemency.n.02
tolerance.n.03,lenience.n.03
allowance.n.06,tolerance.n.03
fly.n.04,blast.n.01
hit.n.02,fly.n.04
touch.n.05,hit.n.02
explosion.n.01,blast.n.04
conductor.n.02,silver.n.01
conductor.n.02,semiconductor.n.01
conductor.n.02,copper.n.01
material.n.01,conductor.n.02
material.n.01,builder.n.01
material.n.01,coloring_material.n.01
material.n.01,plant_material.n.01
material.n.01,paper.n.01
gas.n.02,oxygen.n.01
gas.n.02,nitrogen.n.01
gas.n.02,noble_gas.n.01
gas.n.02,hydrogen.n.01
fluid.n.02,gas.n.02
noble_gas.n.01,neon.n.01
noble_gas.n.01,helium.n.01
golf_club.n.02,iron.n.02
golf_equipment.n.01,golf_club.n.02
implement.n.01,iron.n.03
implement.n.01,writing_implement.n.01
implement.n.01,tool.n.01
implement.n.01,stick.n.01
home_appliance.n.01,iron.n.04
appliance.n.02,home_appliance.n.01
durables.n.01,appliance.n.02
consumer_goods.n.01,durables.n.01
commodity.n.01,consumer_goods.n.01
commodity.n.01,future.n.03
semiconductor.n.01,germanium.n.01
penny.n.02,copper.n.02
coin.n.01,penny.n.02
coin.n.01,shilling.n.06
coin.n.01,dollar.n.03
coinage.n.01,coin.n.01
currency.n.01,coinage.n.01
currency.n.01,paper_money.n.01
reddish_brown.n.01,copper.n.04
brown.n.01,reddish_brown.n.01
brown.n.01,chestnut.n.04
chromatic_color.n.01,brown.n.01
chromatic_color.n.01,orange.n.02
chromatic_color.n.01,olive.n.05
color.n.01,chromatic_color.n.01
color.n.01,achromatic_color.n.01
visual_property.n.01,color.n.01
lycaenid.n.01,copper.n.05
butterfly.n.01,lycaenid.n.01
lepidopterous_insect.n.01,butterfly.n.01
insect.n.01,lepidopterous_insect.n.01
arthropod.n.01,insect.n.01
carbon.n.01,charcoal.n.01
fuel.n.01,charcoal.n.01
substance.n.07,fuel.n.01
substance.n.07,food.n.01
substance.n.07,agent.n.03
writing_implement.n.01,charcoal.n.02
gray.n.01,charcoal.n.03
achromatic_color.n.01,gray.n.01
drawing.n.02,charcoal.n.04
drawing.n.02,sketch.n.01
representation.n.02,drawing.n.02
representation.n.02,copy.n.02
creation.n.02,representation.n.02
creation.n.02,needlework.n.01
creation.n.02,art.n.01
creation.n.02,product.n.02
copy.n.02,carbon.n.03
garmentmaker.n.01,tailor.n.01
needleworker.n.01,garmentmaker.n.01
maker.n.01,needleworker.n.01
maker.n.01,manufacturer.n.02
creator.n.02,maker.n.01
creator.n.02,producer.n.02
creator.n.02,artist.n.01
creator.n.02,originator.n.01
creator.n.02,inventor.n.01
creator.n.02,farmer.n.01
creator.n.02,developer.n.01
creator.n.02,craftsman.n.02
creator.n.02,builder.n.02
creator.n.02,architect.n.01
cause.n.01,producer.n.03
origin.n.03,cause.n.01
beginning.n.01,origin.n.03
artist.n.01,photographer.n.01
artist.n.01,painter.n.01
artist.n.01,musician.n.02
skilled_worker.n.01,painter.n.02
skilled_worker.n.01,craftsman.n.03
skilled_worker.n.01,official.n.01
worker.n.01,skilled_worker.n.01
worker.n.01,employee.n.01
line.n.18,painter.n.03
performer.n.01,musician.n.01
entertainer.n.01,performer.n.01
business.n.01,manufacturer.n.01
business.n.01,agency.n.02
enterprise.n.02,business.n.01
organization.n.01,enterprise.n.02
organization.n.01,polity.n.02
organization.n.01,unit.n.03
organization.n.01,party.n.01
organization.n.01,force.n.04
organization.n.01,association.n.01
organization.n.01,institution.n.01
organization.n.01,company.n.04
organization.n.01,nongovernmental_organization.n.01
photographic_equipment.n.01,developer.n.02
planner.n.01,designer.n.04
professional.n.01,craftsman.n.01
contractor.n.03,builder.n.03
party.n.05,contractor.n.03
architect.n.01,town.n.04
community.n.01,village.n.01
community.n.01,parish.n.01
community.n.01,house.n.03
settlement.n.06,village.n.02
municipality.n.01,town.n.01
municipality.n.01,city.n.01
administrative_district.n.01,municipality.n.01
administrative_district.n.01,country.n.02
administrative_district.n.01,state.n.01
administrative_district.n.01,shire.n.01
administrative_district.n.01,prefecture.n.01
administrative_district.n.01,county.n.02
administrative_district.n.01,city.n.02
administrative_district.n.01,canton.n.02
administrative_district.n.01,borough.n.01
administrative_district.n.01,department.n.02
district.n.01,administrative_district.n.01
district.n.01,residential_district.n.01
district.n.01,city_district.n.01
district.n.01,jurisdiction.n.02
district.n.01,borderland.n.01
district.n.01,possession.n.05
urban_area.n.01,municipality.n.01
town.n.02,borough.n.02
municipality.n.02,town.n.02
municipality.n.02,city.n.03
country.n.02,sultanate.n.01
country.n.02,kingdom.n.02
residential_district.n.01,suburb.n.01
government.n.01,state.n.03
polity.n.02,government.n.01
political_unit.n.01,state.n.04
political_unit.n.01,union.n.07
unit.n.03,political_unit.n.01
unit.n.03,military_unit.n.01
unit.n.03,troop.n.03
unit.n.03,team.n.01
unit.n.03,family.n.01
unit.n.03,administrative_unit.n.01
unit.n.03,company.n.09
emotional_state.n.01,state.n.06
emotional_state.n.01,unhappiness.n.02
emotional_state.n.01,happiness.n.01
emotion.n.01,emotional_state.n.01
emotion.n.01,love.n.01
emotion.n.01,joy.n.01
emotion.n.01,fear.n.01
emotion.n.01,fear.n.03
emotion.n.01,anger.n.01
feeling.n.01,emotion.n.01
feeling.n.01,astonishment.n.01
feeling.n.01,shame.n.01
feeling.n.01,sensitivity.n.03
feeling.n.01,sadness.n.01
feeling.n.01,pleasure.n.01
feeling.n.01,passion.n.01
feeling.n.01,desire.n.01
feeling.n.01,pain.n.02
feeling.n.01,happiness.n.02
feeling.n.01,sympathy.n.02
feeling.n.01,glow.n.04
feeling.n.01,calmness.n.03
draft_horse.n.01,shire.n.02
workhorse.n.02,draft_horse.n.01
waterfront.n.01,seafront.n.01
city_district.n.01,waterfront.n.01
position.n.06,prefecture.n.02
position.n.06,caliphate.n.03
occupation.n.01,position.n.06
occupation.n.01,profession.n.02
jurisdiction.n.02,parish.n.02
jurisdiction.n.02,caliphate.n.02
real_property.n.01,land.n.01
property.n.01,real_property.n.01
sphere.n.01,kingdom.n.01
environment.n.01,sphere.n.01
situation.n.01,environment.n.01
situation.n.01,acceptance.n.03
domain.n.02,kingdom.n.03
monarchy.n.01,kingdom.n.04
autocracy.n.01,monarchy.n.01
political_system.n.01,autocracy.n.01
taxonomic_group.n.01,kingdom.n.05
taxonomic_group.n.01,genus.n.02
taxonomic_group.n.01,tribe.n.03
taxonomic_group.n.01,family.n.06
biological_group.n.01,taxonomic_group.n.01
biological_group.n.01,animal_group.n.01
fee.n.01,anchorage.n.02
fee.n.01,poundage.n.02
arrival.n.02,anchorage.n.05
melon.n.02,watermelon.n.01
gourd.n.03,melon.n.02
vine.n.01,gourd.n.03
vine.n.01,grape.n.02
vascular_plant.n.01,vine.n.01
vascular_plant.n.01,herb.n.01
vascular_plant.n.01,woody_plant.n.01
plant.n.02,vascular_plant.n.01
melon.n.01,watermelon.n.02
edible_fruit.n.01,melon.n.01
edible_fruit.n.01,berry.n.01
edible_fruit.n.01,pineapple.n.02
edible_fruit.n.01,pear.n.01
edible_fruit.n.01,peach.n.03
edible_fruit.n.01,citrus.n.01
edible_fruit.n.01,mango.n.02
edible_fruit.n.01,kiwi.n.03
edible_fruit.n.01,grape.n.01
edible_fruit.n.01,cherry.n.03
edible_fruit.n.01,banana.n.02
edible_fruit.n.01,apple.n.01
edible_fruit.n.01,date.n.08
edible_fruit.n.01,fig.n.04
fruit.n.01,edible_fruit.n.01
fruit.n.01,pome.n.01
fruit.n.01,drupe.n.01
fruit.n.01,olive.n.01
fruit.n.01,berry.n.02
fruit.n.01,seed.n.01
reproductive_structure.n.01,fruit.n.01
plant_organ.n.01,reproductive_structure.n.01
plant_organ.n.01,stalk.n.02
plant_part.n.01,plant_organ.n.01
produce.n.01,edible_fruit.n.01
food.n.02,produce.n.01
solid.n.01,food.n.02
berry.n.01,strawberry.n.01
herb.n.01,strawberry.n.02
herb.n.01,pineapple.n.01
herb.n.01,banana.n.01
herb.n.01,gramineous_plant.n.01
herb.n.01,rocket.n.03
birthmark.n.01,strawberry.n.03
blemish.n.01,birthmark.n.01
blemish.n.01,check.n.09
blemish.n.01,burn.n.04
appearance.n.01,blemish.n.01
appearance.n.01,impression.n.02
pome.n.01,pear.n.01
pome.n.01,apple.n.01
fruit_tree.n.01,pear.n.02
fruit_tree.n.01,peach.n.01
fruit_tree.n.01,citrus.n.02
fruit_tree.n.01,olive_tree.n.01
fruit_tree.n.01,mango.n.01
fruit_tree.n.01,cherry.n.02
fruit_tree.n.01,apple_tree.n.01
angiospermous_tree.n.01,fruit_tree.n.01
angiospermous_tree.n.01,nut_tree.n.01
angiospermous_tree.n.01,maple.n.02
angiospermous_tree.n.01,mountain_ash.n.01
angiospermous_tree.n.01,mangrove.n.01
tree.n.01,angiospermous_tree.n.01
tree.n.01,fig_tree.n.01
tree.n.01,sapling.n.01
tree.n.01,gymnospermous_tree.n.01
tree.n.01,palm.n.03
tree.n.01,oak.n.02
tree.n.01,hornbeam.n.01
tree.n.01,cinchona.n.02
tree.n.01,chestnut.n.02
tree.n.01,casuarina.n.01
tree.n.01,acacia.n.01
woody_plant.n.01,tree.n.01
woody_plant.n.01,shrub.n.01
drupe.n.01,peach.n.03
drupe.n.01,olive.n.04
drupe.n.01,cherry.n.03
citrus.n.01,orange.n.01
citrus.n.01,lemon.n.01
citrus.n.01,mandarin.n.05
citrus.n.01,lime.n.06
citrus.n.02,orange.n.03
citrus.n.02,lemon.n.03
citrus.n.02,mandarin.n.01
citrus.n.02,lime.n.04
pigment.n.01,orange.n.04
coloring_material.n.01,pigment.n.01
olive_tree.n.01,olive.n.02
wood.n.01,olive.n.03
wood.n.01,cherry.n.01
wood.n.01,walnut.n.02
wood.n.01,sycamore.n.01
wood.n.01,pine.n.02
wood.n.01,oak.n.01
wood.n.01,chestnut.n.01
plant_material.n.01,wood.n.01
relish.n.02,olive.n.04
condiment.n.01,relish.n.02
flavorer.n.01,condiment.n.01
ingredient.n.03,flavorer.n.01
foodstuff.n.02,ingredient.n.03
food.n.01,foodstuff.n.02
relish.n.03,lemon.n.04
taste.n.01,relish.n.03
sensation.n.01,taste.n.01
perception.n.03,sensation.n.01
perception.n.03,somesthesia.n.01
ratite.n.01,kiwi.n.04
bird.n.01,ratite.n.01
apple_tree.n.01,apple.n.02
astonishment.n.01,wonder.n.01
shame.n.01,conscience.n.03
dishonor.n.01,shame.n.02
standing.n.01,dishonor.n.01
standing.n.01,prominence.n.01
status.n.01,standing.n.01
sense.n.03,sensitivity.n.01
faculty.n.01,sense.n.03
ability.n.02,faculty.n.01
physical_property.n.01,sensitivity.n.02
physical_property.n.01,weight.n.01
physical_property.n.01,perceptibility.n.01
physical_property.n.01,temperature.n.01
physical_property.n.01,elasticity.n.01
physical_property.n.01,length.n.01
physical_property.n.01,momentum.n.02
physical_property.n.01,mass.n.01
physical_property.n.01,deflection.n.04
susceptibility.n.01,sensitivity.n.04
ability.n.01,sensitivity.n.05
sadness.n.01,depression.n.04
sadness.n.01,heaviness.n.02
unhappiness.n.02,sadness.n.02
choice.n.01,pleasure.n.03
decision_making.n.01,choice.n.01
sexual_activity.n.01,pleasure.n.05
sexual_desire.n.01,passion.n.05
sexual_desire.n.01,love.n.04
desire.n.01,sexual_desire.n.01
desire.n.01,urge.n.02
agony.n.02,passion.n.07
pain.n.01,agony.n.02
pain.n.01,ache.n.01
pain.n.01,throb.n.01
pain.n.01,tenderness.n.02
pain.n.01,stitch.n.02
pain.n.01,sting.n.01
pain.n.01,neuralgia.n.01
pain.n.01,burn.n.01
symptom.n.01,pain.n.01
symptom.n.01,chill.n.03
symptom.n.01,scar.n.01
evidence.n.01,symptom.n.01
information.n.02,evidence.n.01
information.n.02,stimulation.n.02
information.n.02,datum.n.01
pain.n.02,suffering.n.04
somesthesia.n.01,pain.n.03
somesthesia.n.01,temperature.n.02
object.n.04,love.n.02
content.n.05,object.n.04
content.n.05,belief.n.01
content.n.05,idea.n.01
content.n.05,experience.n.02
content.n.05,knowledge_domain.n.01
score.n.03,love.n.05
positive_stimulus.n.01,joy.n.02
stimulation.n.02,positive_stimulus.n.01
stimulation.n.02,negative_stimulus.n.01
fear.n.01,apprehension.n.01
tendency.n.03,desire.n.02
disposition.n.04,tendency.n.03
arousal.n.02,desire.n.03
arousal.n.02,emotional_arousal.n.01
physical_condition.n.01,arousal.n.02
physical_condition.n.01,pathological_state.n.01
physical_condition.n.01,disorder.n.01
physical_condition.n.01,abnormality.n.01
emotional_arousal.n.01,anger.n.02
card_game.n.01,whist.n.01
card_game.n.01,faro.n.01
card_game.n.01,baccarat.n.01
card_game.n.01,rummy.n.02
game.n.01,card_game.n.01
game.n.01,athletic_game.n.01
game.n.01,game_of_chance.n.01
game.n.01,parlor_game.n.01
game.n.01,curling.n.01
game.n.01,bowling.n.01
court_game.n.01,volleyball.n.01
court_game.n.01,tennis.n.01
court_game.n.01,handball.n.02
court_game.n.01,basketball.n.01
athletic_game.n.01,court_game.n.01
athletic_game.n.01,outdoor_game.n.01
sport.n.01,athletic_game.n.01
sport.n.01,contact_sport.n.01
diversion.n.01,sport.n.01
diversion.n.01,gambling.n.01
diversion.n.01,entertainment.n.01
diversion.n.01,celebration.n.02
diversion.n.01,play.n.08
diversion.n.01,dancing.n.01
ball.n.01,volleyball.n.02
ball.n.01,softball.n.01
ball.n.01,handball.n.01
ball.n.01,football.n.02
ball.n.01,basketball.n.02
game_equipment.n.01,ball.n.01
baseball.n.01,softball.n.02
baseball.n.01,ball.n.11
ball_game.n.01,baseball.n.01
field_game.n.01,ball_game.n.01
field_game.n.01,football.n.01
outdoor_game.n.01,field_game.n.01
outdoor_game.n.01,golf.n.01
football.n.01,soccer.n.01
football.n.01,rugby.n.01
contact_sport.n.01,football.n.01
lottery.n.02,raffle.n.01
game_of_chance.n.01,lottery.n.02
gambling.n.01,game_of_chance.n.01
vice.n.02,gambling.n.01
transgression.n.01,vice.n.02
wrongdoing.n.02,transgression.n.01
texture.n.01,nap.n.02
tactile_property.n.01,texture.n.01
sleeping.n.03,nap.n.04
board_game.n.01,lotto.n.01
board_game.n.01,chess.n.02
parlor_game.n.01,board_game.n.01
brome.n.01,chess.n.01
grass.n.01,brome.n.01
gramineous_plant.n.01,grass.n.01
throw.n.01,bowling.n.02
throw.n.01,pitch.n.02
propulsion.n.02,throw.n.01
propulsion.n.02,pull.n.01
propulsion.n.02,drive.n.01
playing.n.02,bowling.n.03
basketball_equipment.n.01,basketball.n.02
pox.n.02,smallpox.n.01
contagious_disease.n.01,pox.n.02
communicable_disease.n.01,contagious_disease.n.01
communicable_disease.n.01,infectious_disease.n.01
disease.n.01,communicable_disease.n.01
disease.n.01,rheumatism.n.01
disease.n.01,deficiency_disease.n.01
disease.n.01,malignancy.n.01
disease.n.01,liver_disease.n.01
disease.n.01,eye_disease.n.01
disease.n.01,skin_disease.n.01
disease.n.01,genetic_disease.n.01
disease.n.01,respiratory_disease.n.01
disease.n.01,inflammatory_disease.n.01
disease.n.01,animal_disease.n.01
disease.n.01,anthrax.n.02
illness.n.01,disease.n.01
illness.n.01,growth.n.06
ill_health.n.01,illness.n.01
ill_health.n.01,injury.n.01
pathological_state.n.01,ill_health.n.01
epidemic_disease.n.01,plague.n.01
epidemic_disease.n.01,plague.n.02
infectious_disease.n.01,epidemic_disease.n.01
infectious_disease.n.01,meningitis.n.01
infectious_disease.n.01,hepatitis.n.01
infectious_disease.n.01,cholera.n.01
calamity.n.01,plague.n.04
misfortune.n.01,calamity.n.01
trouble.n.03,misfortune.n.01
annoyance.n.04,plague.n.05
negative_stimulus.n.01,annoyance.n.04
deficiency_disease.n.01,malnutrition.n.01
cancer.n.01,leukemia.n.01
malignant_tumor.n.01,cancer.n.01
malignancy.n.01,malignant_tumor.n.01
tumor.n.01,malignant_tumor.n.01
growth.n.06,tumor.n.01
liver_disease.n.01,hepatitis.n.01
liver_disease.n.01,cirrhosis.n.01
eye_disease.n.01,glaucoma.n.01
skin_disease.n.01,eczema.n.01
skin_disease.n.01,acne.n.01
polygenic_disorder.n.01,diabetes.n.01
genetic_disease.n.01,polygenic_disorder.n.01
arthropod_genus.n.01,cancer.n.05
genus.n.02,arthropod_genus.n.01
respiratory_disease.n.01,asthma.n.01
inflammatory_disease.n.01,arthritis.n.01
inflammatory_disease.n.01,acne.n.01
zoonosis.n.01,anthrax.n.01
animal_disease.n.01,zoonosis.n.01
treaty.n.01,convention.n.03
written_agreement.n.01,treaty.n.01
written_agreement.n.01,obligation.n.05
written_agreement.n.01,contract.n.01
agreement.n.01,written_agreement.n.01
statement.n.01,agreement.n.01
statement.n.01,answer.n.01
message.n.02,statement.n.01
message.n.02,opinion.n.02
message.n.02,information.n.01
position.n.03,straddle.n.01
orientation.n.02,position.n.03
attitude.n.01,orientation.n.02
gymnastic_exercise.n.01,straddle.n.02
exercise.n.01,gymnastic_exercise.n.01
exercise.n.01,stretch.n.04
effort.n.02,exercise.n.01
labor.n.02,effort.n.02
option.n.01,straddle.n.04
derivative_instrument.n.01,option.n.01
stock_certificate.n.01,share.n.02
security.n.04,stock_certificate.n.01
security.n.04,bond.n.02
chemical_process.n.01,sequestration.n.02
natural_process.n.01,chemical_process.n.01
writ.n.01,sequestration.n.03
writ.n.01,warrant.n.01
appropriation.n.03,sequestration.n.04
acquiring.n.01,appropriation.n.03
acquiring.n.01,acquisition.n.01
acquiring.n.01,pickup.n.09
answer.n.01,rescript.n.01
belief.n.01,opinion.n.01
judgment.n.03,opinion.n.05
due_process.n.01,judgment.n.03
personal_relation.n.01,obligation.n.03
relationship.n.01,personal_relation.n.01
collection.n.01,law.n.01
collection.n.01,mass.n.03
collection.n.01,agglomeration.n.01
collection.n.01,class.n.01
concept.n.01,law.n.03
concept.n.01,law.n.04
concept.n.01,property.n.04
concept.n.01,part.n.09
idea.n.01,concept.n.01
idea.n.01,preoccupation.n.01
learned_profession.n.01,law.n.06
profession.n.02,learned_profession.n.01
debt_instrument.n.01,floater.n.02
debt_instrument.n.01,bond.n.02
employee.n.01,floater.n.04
voter.n.01,floater.n.05
citizen.n.01,voter.n.01
national.n.01,citizen.n.01
swimmer.n.02,floater.n.06
traveler.n.01,swimmer.n.02
policy.n.03,floater.n.08
contract.n.01,policy.n.03
draft.n.01,check.n.01
draft.n.01,acceptance.n.05
negotiable_instrument.n.01,draft.n.01
sketch.n.01,draft.n.03
drink.n.01,draft.n.04
depth.n.01,draft.n.06
regulator.n.01,draft.n.07
control.n.09,regulator.n.01
mechanism.n.05,control.n.09
dose.n.01,draft.n.08
medicine.n.02,dose.n.01
drug.n.01,medicine.n.02
agent.n.03,drug.n.01
pull.n.01,draft.n.11
meeting.n.01,convention.n.01
practice.n.05,convention.n.02
assembly.n.06,convention.n.05
beginning.n.05,constitution.n.02
bill.n.02,check.n.03
statement.n.07,bill.n.02
commercial_document.n.01,statement.n.07
inspection.n.01,check.n.06
examination.n.01,inspection.n.01
investigation.n.02,examination.n.01
weave.n.01,check.n.10
design.n.04,weave.n.01
decoration.n.01,design.n.04
decoration.n.01,adornment.n.01
decoration.n.01,knob.n.04
obstruction.n.05,check.n.12
maneuver.n.03,obstruction.n.05
motion.n.06,maneuver.n.03
chess_move.n.01,check.n.13
move.n.05,chess_move.n.01
turn.n.03,move.n.05
writing_paper.n.01,bond.n.07
paper.n.01,writing_paper.n.01
paper.n.01,card.n.01
bill.n.03,dollar.n.02
paper_money.n.01,bill.n.03
program.n.08,bill.n.04
performance.n.02,program.n.08
presentation.n.02,performance.n.02
show.n.01,presentation.n.02
entertainment.n.01,show.n.01
list.n.01,bill.n.07
database.n.01,list.n.01
information.n.01,database.n.01
saw.n.02,bill.n.08
hand_tool.n.01,saw.n.02
tool.n.01,hand_tool.n.01
brim.n.02,bill.n.09
projection.n.04,brim.n.02
projection.n.04,knob.n.01
structure.n.01,projection.n.04
structure.n.01,area.n.05
structure.n.01,establishment.n.04
structure.n.01,building.n.01
structure.n.01,housing.n.01
structure.n.01,stadium.n.01
structure.n.01,corner.n.11
duty.n.02,assignment.n.01
assent.n.01,acceptance.n.04
agreement.n.06,assent.n.01
speech_act.n.01,agreement.n.06
acquisition.n.01,acceptance.n.07
polish_monetary_unit.n.01,zloty.n.01
monetary_unit.n.01,polish_monetary_unit.n.01
monetary_unit.n.01,chinese_monetary_unit.n.01
monetary_unit.n.01,cambodian_monetary_unit.n.01
monetary_unit.n.01,fractional_monetary_unit.n.01
monetary_unit.n.01,german_monetary_unit.n.01
monetary_unit.n.01,maltese_monetary_unit.n.01
monetary_unit.n.01,turkish_monetary_unit.n.01
monetary_unit.n.01,italian_monetary_unit.n.01
monetary_unit.n.01,surinamese_monetary_unit.n.01
monetary_unit.n.01,dutch_monetary_unit.n.01
monetary_unit.n.01,franc.n.01
monetary_unit.n.01,greek_monetary_unit.n.01
monetary_unit.n.01,dollar.n.01
monetary_unit.n.01,nicaraguan_monetary_unit.n.01
monetary_unit.n.01,sri_lankan_monetary_unit.n.01
unit_of_measurement.n.01,monetary_unit.n.01
unit_of_measurement.n.01,mass_unit.n.01
unit_of_measurement.n.01,force_unit.n.01
unit_of_measurement.n.01,linear_unit.n.01
chinese_monetary_unit.n.01,yuan.n.01
chinese_monetary_unit.n.01,fen.n.01
dynasty.n.01,yuan.n.02
family.n.04,dynasty.n.01
family.n.04,house.n.06
lineage.n.01,family.n.04
genealogy.n.01,lineage.n.01
kin.n.02,genealogy.n.01
kin.n.02,family.n.02
cambodian_monetary_unit.n.01,riel.n.01
avoirdupois_unit.n.01,pound.n.01
mass_unit.n.01,avoirdupois_unit.n.01
force_unit.n.01,pound.n.03
force_unit.n.01,pound.n.10
enclosure.n.01,pound.n.13
enclosure.n.01,chamber.n.01
area.n.05,enclosure.n.01
area.n.05,room.n.01
area.n.05,corner.n.03
fractional_monetary_unit.n.01,penny.n.01
fractional_monetary_unit.n.01,cent.n.01
evaluation.n.02,mark.n.01
appraisal.n.01,evaluation.n.02
classification.n.03,appraisal.n.01
mark.n.04,line.n.02
indication.n.01,mark.n.04
impression.n.02,mark.n.05
german_monetary_unit.n.01,mark.n.07
mark.n.10,punctuation.n.02
maltese_monetary_unit.n.01,lira.n.01
turkish_monetary_unit.n.01,lira.n.02
italian_monetary_unit.n.01,lira.n.03
surinamese_monetary_unit.n.01,guilder.n.01
dutch_monetary_unit.n.01,guilder.n.02
greek_monetary_unit.n.01,drachma.n.02
nicaraguan_monetary_unit.n.01,cordoba.n.01
sri_lanka_rupee.n.01,cent.n.01
sri_lankan_monetary_unit.n.01,sri_lanka_rupee.n.01
urge.n.01,wanderlust.n.01
motivation.n.01,urge.n.01
motivation.n.01,ethical_motive.n.01
motivation.n.01,rational_motive.n.01
motivation.n.01,irrational_motive.n.01
motivation.n.01,life.n.13
motivation.n.01,psychic_energy.n.01
conscience.n.01,superego.n.01
ethical_motive.n.01,conscience.n.01
control.n.05,possession.n.01
control.n.05,possession.n.07
enchantment.n.02,possession.n.03
reason.n.01,occasion.n.03
rational_motive.n.01,reason.n.01
rational_motive.n.01,incentive.n.01
rational_motive.n.01,disincentive.n.01
time.n.04,occasion.n.04
moment.n.01,time.n.04
point.n.06,moment.n.01
point.n.06,end.n.02
point.n.06,date.n.04
opportunity.n.01,occasion.n.05
opportunity.n.01,day.n.09
possibility.n.02,opportunity.n.01
being.n.01,possibility.n.02
being.n.01,life.n.01
being.n.01,life.n.03
preoccupation.n.01,obsession.n.02
morality.n.01,conscience.n.02
irrational_motive.n.01,mania.n.01
irrational_motive.n.01,irrational_impulse.n.01
irrational_motive.n.01,compulsion.n.02
affective_disorder.n.01,mania.n.02
mental_disorder.n.01,affective_disorder.n.01
disorder.n.01,mental_disorder.n.01
experience.n.02,life.n.02
time_period.n.01,life.n.05
time_period.n.01,life.n.06
time_period.n.01,life.n.07
time_period.n.01,duration.n.01
time_period.n.01,time.n.03
time_period.n.01,calendar_day.n.01
time_period.n.01,calendar_month.n.01
time_period.n.01,year.n.01
time_period.n.01,day.n.04
time_period.n.01,work_time.n.01
time_period.n.01,era.n.01
time_period.n.01,day.n.07
fundamental_quantity.n.01,time_period.n.01
fundamental_quantity.n.01,temperature.n.01
fundamental_quantity.n.01,length.n.01
fundamental_quantity.n.01,mass.n.01
organic_phenomenon.n.01,life.n.11
causing.n.01,inducement.n.02
causing.n.01,compulsion.n.03
psychic_energy.n.01,incitement.n.03
drive.n.01,impulse.n.05
philosophy.n.02,ethics.n.02
humanistic_discipline.n.01,philosophy.n.02
humanistic_discipline.n.01,performing_arts.n.01
discipline.n.01,humanistic_discipline.n.01
knowledge_domain.n.01,discipline.n.01
hindrance.n.03,deterrence.n.03
irrational_impulse.n.01,compulsion.n.01
ache.n.01,toothache.n.01
ache.n.01,headache.n.02
ache.n.01,backache.n.01
ache.n.01,earache.n.01
pulse.n.02,throb.n.02
periodic_event.n.01,pulse.n.02
affectionateness.n.02,tenderness.n.01
emotionality.n.01,affectionateness.n.02
compassion.n.01,tenderness.n.03
sympathy.n.02,compassion.n.01
misery.n.01,suffering.n.02
ill-being.n.01,misery.n.01
adversity.n.01,ill-being.n.01
misfortune.n.02,adversity.n.01
fortune.n.04,misfortune.n.02
condition.n.03,fortune.n.04
sewing.n.02,stitch.n.01
needlework.n.01,sewing.n.02
injury.n.01,sting.n.03
injury.n.01,burn.n.03
neuralgia.n.01,sciatica.n.01
headache.n.02,migraine.n.01
backache.n.01,lumbago.n.01
damage.n.03,burn.n.05
change_of_integrity.n.01,damage.n.03
weight.n.01,poundage.n.03
weight.n.01,heaviness.n.01
importance.n.01,weight.n.03
oppression.n.03,weight.n.05
depression.n.04,oppression.n.03
coefficient.n.01,weight.n.08
constant.n.02,coefficient.n.01
perceptibility.n.01,visibility.n.01
salience.n.01,visibility.n.02
prominence.n.01,salience.n.01
clearness.n.02,visibility.n.03
temperature.n.01,coldness.n.03
expanse.n.03,stretch.n.01
space.n.02,expanse.n.03
amorphous_shape.n.01,space.n.02
straightaway.n.01,stretch.n.03
section.n.04,straightaway.n.01
section.n.04,length.n.05
part.n.02,section.n.04
part.n.02,appendage.n.03
extension.n.02,stretch.n.05
expansion.n.01,extension.n.02
expansion.n.01,stretching.n.01
increase.n.05,expansion.n.01
change_of_magnitude.n.01,increase.n.05
duration.n.01,stretch.n.06
elasticity.n.01,stretch.n.07
while.n.01,snap.n.02
time.n.03,while.n.01
time.n.03,moment.n.02
time.n.03,day.n.02
noise.n.01,snap.n.05
sound.n.04,noise.n.01
sound.n.04,ring.n.06
break.n.09,snap.n.07
separation.n.02,break.n.09
change.n.01,separation.n.02
change.n.01,acceleration.n.01
fastener.n.02,snap.n.10
restraint.n.06,fastener.n.02
length.n.01,shortness.n.01
length.n.01,radius.n.01
length.n.01,longness.n.01
length.n.01,diameter.n.01
dimension.n.01,length.n.01
dimension.n.01,height.n.01
lack.n.01,shortness.n.02
need.n.01,lack.n.01
lowness.n.03,shortness.n.03
height.n.01,lowness.n.03
duration.n.03,shortness.n.04
temporal_property.n.01,duration.n.03
stature.n.02,shortness.n.05
bodily_property.n.01,stature.n.02
straight_line.n.01,radius.n.02
straight_line.n.01,diameter.n.02
arm_bone.n.01,radius.n.04
long_bone.n.01,arm_bone.n.01
bone.n.01,long_bone.n.01
force.n.03,momentum.n.01
intensity.n.02,force.n.03
degree.n.01,intensity.n.02
religious_ceremony.n.01,mass.n.04
religious_ceremony.n.01,rite.n.01
ceremony.n.03,religious_ceremony.n.01
body.n.04,mass.n.05
religious_music.n.01,mass.n.08
music_genre.n.01,religious_music.n.01
expressive_style.n.01,music_genre.n.01
music.n.01,music_genre.n.01
music.n.01,dance_music.n.02
prayer.n.04,mass.n.09
sacred_text.n.01,prayer.n.04
light.n.01,glow.n.05
actinic_radiation.n.01,light.n.01
electromagnetic_radiation.n.01,actinic_radiation.n.01
radiation.n.01,electromagnetic_radiation.n.01
energy.n.01,radiation.n.01
delay.n.01,extension.n.01
pause.n.01,delay.n.01
time_interval.n.01,pause.n.01
time_interval.n.01,period.n.02
education.n.01,extension.n.04
stretching.n.01,extension.n.05
string.n.05,extension.n.06
sequence.n.01,string.n.05
series.n.01,sequence.n.01
ordering.n.01,series.n.01
arrangement.n.02,ordering.n.01
dance.n.01,extension.n.08
art.n.01,dance.n.01
longness.n.01,extension.n.09
telephone.n.01,extension.n.10
electronic_equipment.n.01,telephone.n.01
aberrance.n.01,deflection.n.01
abnormality.n.01,aberrance.n.01
bending.n.01,deflection.n.02
calmness.n.03,coolness.n.01
fearlessness.n.02,coolness.n.03
courage.n.01,fearlessness.n.02
spirit.n.03,courage.n.01
character.n.03,spirit.n.03
coldness.n.03,chill.n.01
vasoconstrictor.n.01,coldness.n.03
agent.n.01,vasoconstrictor.n.01
apprehension.n.01,chill.n.04
ceremony.n.01,wedding.n.01
ceremony.n.01,dedication.n.02
ceremony.n.01,funeral.n.01
ceremony.n.01,initiation.n.01
ceremony.n.01,exercise.n.05
ceremony.n.01,commemoration.n.01
affair.n.03,ceremony.n.01
affair.n.03,party.n.04
affair.n.03,fundraiser.n.02
affair.n.03,celebration.n.01
social_event.n.01,affair.n.03
dedication.n.02,rededication.n.01
set.n.05,party.n.03
party.n.04,fete.n.01
party.n.04,dance.n.04
completion.n.02,graduation.n.01
termination.n.05,completion.n.02
line.n.02,graduation.n.03
solicitor.n.01,fundraiser.n.01
petitioner.n.01,solicitor.n.01
applicant.n.01,petitioner.n.01
thing.n.05,feast.n.02
dance.n.02,ball.n.04
dance.n.04,ball.n.09
initiation.n.01,coronation.n.01
exercise.n.05,commencement.n.02
ritual.n.02,celebration.n.03
practice.n.01,ritual.n.02
sphere.n.05,ball.n.03
round_shape.n.01,sphere.n.05
round_shape.n.01,cylinder.n.02
plaything.n.01,ball.n.06
agglomeration.n.01,ball.n.08
structure.n.04,ball.n.10
pitch.n.02,ball.n.12
army_unit.n.01,troop.n.01
army_unit.n.01,troop.n.02
army_unit.n.01,platoon.n.01
army_unit.n.01,company.n.02
army_unit.n.01,brigade.n.01
military_unit.n.01,army_unit.n.01
military_unit.n.01,legion.n.03
crowd.n.01,troop.n.04
nation.n.04,tribe.n.02
confederation.n.02,nation.n.04
union.n.07,confederation.n.02
union.n.07,league.n.02
team.n.01,police_squad.n.01
animal_group.n.01,team.n.02
police_squad.n.01,platoon.n.02
place_of_business.n.01,office.n.01
establishment.n.04,place_of_business.n.01
staff.n.01,office.n.05
force.n.04,staff.n.01
rite.n.01,office.n.06
people.n.01,nation.n.02
association.n.01,legion.n.02
association.n.01,league.n.01
association.n.01,family.n.08
association.n.01,club.n.02
linear_unit.n.01,league.n.03
linear_unit.n.01,palm.n.02
building.n.01,house.n.01
building.n.01,house.n.12
dwelling.n.01,house.n.01
housing.n.01,dwelling.n.01
audience.n.01,house.n.04
legislature.n.01,house.n.05
assembly.n.04,legislature.n.01
play.n.08,house.n.07
management.n.02,house.n.09
administration.n.02,management.n.02
body.n.02,administration.n.02
sofa.n.01,divan.n.01
seat.n.03,sofa.n.01
furniture.n.01,seat.n.03
furnishing.n.02,furniture.n.01
privy_council.n.01,divan.n.02
council.n.01,privy_council.n.01
administrative_unit.n.01,council.n.01
administrative_unit.n.01,division.n.04
administrative_unit.n.01,committee.n.01
administrative_unit.n.01,agency.n.01
anthology.n.01,divan.n.03
collection.n.02,anthology.n.01
publication.n.01,collection.n.02
work.n.02,publication.n.01
product.n.02,work.n.02
boardroom.n.01,divan.n.04
room.n.01,boardroom.n.01
room.n.01,chamber.n.03
room.n.01,compartment.n.02
chamber.n.03,divan.n.04
division.n.04,department.n.01
division.n.04,branch.n.01
sector.n.03,department.n.03
aspect.n.01,sector.n.03
feature.n.01,aspect.n.01
property.n.04,feature.n.01
institution.n.01,company.n.01
friendship.n.01,company.n.03
relationship.n.03,friendship.n.01
nongovernmental_organization.n.01,committee.n.02
stick.n.01,club.n.03
playing_card.n.01,club.n.06
card.n.01,playing_card.n.01
stalk.n.02,branch.n.02
subfigure.n.01,branch.n.03
figure.n.06,subfigure.n.01
stream.n.01,branch.n.05
body_of_water.n.01,stream.n.01
action.n.02,agency.n.03
polyhedron.n.01,tetrahedron.n.01
polyhedron.n.01,octahedron.n.01
polyhedron.n.01,icosahedron.n.01
polyhedron.n.01,dodecahedron.n.01
polyhedron.n.01,prism.n.01
polyhedron.n.01,regular_polyhedron.n.01
solid.n.03,polyhedron.n.01
solid.n.03,convex_shape.n.01
solid.n.03,toroid.n.01
solid.n.03,ovoid.n.01
solid.n.03,concave_shape.n.01
solid.n.03,cylinder.n.01
convex_shape.n.01,taper.n.01
convex_shape.n.01,projection.n.05
narrowing.n.01,taper.n.02
shape.n.01,narrowing.n.01
shape.n.01,concavity.n.02
spatial_property.n.01,shape.n.01
projection.n.05,salient.n.01
projection.n.05,jag.n.01
sound.n.01,ring.n.01
sound_property.n.01,sound.n.01
toroid.n.01,ring.n.02
platform.n.01,ring.n.07
horizontal_surface.n.01,platform.n.01
surface.n.01,horizontal_surface.n.01
jewelry.n.01,ring.n.08
adornment.n.01,jewelry.n.01
handle.n.01,knob.n.02
appendage.n.03,handle.n.01
slit.n.01,jag.n.02
opening.n.10,slit.n.01
flap.n.01,jag.n.03
covering.n.02,flap.n.01
covering.n.02,protective_covering.n.01
intemperance.n.03,jag.n.04
indulgence.n.03,intemperance.n.03
gratification.n.02,indulgence.n.03
satisfaction.n.05,gratification.n.02
concave_shape.n.01,indentation.n.01
concave_shape.n.01,dome.n.01
change_of_shape.n.01,indentation.n.04
stadium.n.01,dome.n.03
roof.n.01,dome.n.04
protective_covering.n.01,roof.n.01
chamber.n.01,cylinder.n.03
container.n.01,cylinder.n.04
container.n.01,wheeled_vehicle.n.01
parallelepiped.n.01,cuboid.n.01
prism.n.01,parallelepiped.n.01
regular_polyhedron.n.01,cube.n.01
subshrub.n.01,cube.n.04
shrub.n.01,subshrub.n.01
block.n.01,cube.n.05
point.n.02,corner.n.02
point.n.02,topographic_point.n.01
point.n.02,corner.n.05
intersection.n.02,corner.n.04
junction.n.01,intersection.n.02
topographic_point.n.01,junction.n.01
monopoly.n.01,corner.n.07
market.n.01,monopoly.n.01
predicament.n.01,corner.n.08
difficulty.n.03,predicament.n.01
day.n.01,yesterday.n.01
day.n.01,tomorrow.n.01
day.n.01,today.n.02
day.n.01,date.n.01
day.n.01,date.n.07
time_unit.n.01,day.n.01
past.n.01,yesterday.n.02
time.n.05,past.n.01
time.n.05,present.n.01
time.n.05,future.n.01
time.n.05,geological_time.n.01
time.n.05,biological_time.n.01
present.n.01,tonight.n.01
present.n.01,today.n.01
present.n.01,date.n.05
future.n.01,tomorrow.n.02
part.n.09,period.n.03
geological_time.n.01,period.n.04
geological_time.n.01,epoch.n.03
end.n.02,period.n.05
punctuation.n.02,period.n.07
force.n.02,moment.n.05
statistic.n.01,moment.n.06
datum.n.01,statistic.n.01
biological_time.n.01,menopause.n.01
biological_time.n.01,gestation.n.01
construction.n.03,gestation.n.03
tense.n.01,future.n.02
grammatical_category.n.01,tense.n.01
class.n.01,grammatical_category.n.01
date.n.06,epoch.n.02
calendar_day.n.01,date.n.06
calendar_day.n.01,day.n.03
calendar_month.n.01,date.n.06
calendar_year.n.01,date.n.06
year.n.01,calendar_year.n.01
work_time.n.01,day.n.05
era.n.01,day.n.06
companion.n.01,date.n.02
friend.n.01,companion.n.01
meeting.n.02,date.n.03
edible_nut.n.01,walnut.n.01
edible_nut.n.01,pistachio.n.02
edible_nut.n.01,chestnut.n.03
nut.n.01,edible_nut.n.01
seed.n.01,nut.n.01
nut_tree.n.01,walnut.n.03
nut_tree.n.01,pistachio.n.01
maple.n.02,sycamore.n.03
fig_tree.n.01,sycamore.n.04
fig_tree.n.01,fig.n.02
dance_music.n.02,samba.n.02
ballroom_dancing.n.01,samba.n.03
social_dancing.n.01,ballroom_dancing.n.01
dancing.n.01,social_dancing.n.01
performing_arts.n.01,dancing.n.01
canasta.n.01,samba.n.04
rummy.n.02,canasta.n.01
mountain_ash.n.01,rowan.n.01
conifer.n.01,pine.n.01
gymnospermous_tree.n.01,conifer.n.01
area.n.03,palm.n.01
elitist.n.01,mandarin.n.02
moralist.n.01,elitist.n.01
philosopher.n.01,moralist.n.01
scholar.n.01,philosopher.n.01
intellectual.n.01,scholar.n.01
official.n.01,mandarin.n.03
chinese.n.02,mandarin.n.04
asian.n.01,chinese.n.02
inhabitant.n.01,asian.n.01
person_of_color.n.01,asian.n.01
chinese.n.01,mandarin.n.06
sinitic.n.01,chinese.n.01
sino-tibetan.n.01,sinitic.n.01
natural_language.n.01,sino-tibetan.n.01
language.n.01,natural_language.n.01
bark.n.01,cinchona.n.01
callus.n.02,chestnut.n.05
scar.n.01,callus.n.02
car.n.02,van.n.03
wheeled_vehicle.n.01,car.n.02
wheeled_vehicle.n.01,self-propelled_vehicle.n.01
wheeled_vehicle.n.01,bicycle.n.01
vehicle.n.01,wheeled_vehicle.n.01
vehicle.n.01,craft.n.02
vehicle.n.01,rocket.n.01
vehicle.n.01,military_vehicle.n.01
conveyance.n.03,vehicle.n.01
camper.n.02,van.n.04
recreational_vehicle.n.01,camper.n.02
self-propelled_vehicle.n.01,recreational_vehicle.n.01
self-propelled_vehicle.n.01,motor_vehicle.n.01
truck.n.01,van.n.05
truck.n.01,pickup.n.01
motor_vehicle.n.01,truck.n.01
motor_vehicle.n.01,motorcycle.n.01
motor_vehicle.n.01,car.n.01
ship.n.01,warship.n.01
vessel.n.02,ship.n.01
vessel.n.02,boat.n.01
craft.n.02,vessel.n.02
craft.n.02,aircraft.n.01
jet_engine.n.01,rocket.n.02
reaction-propulsion_engine.n.01,jet_engine.n.01
engine.n.01,reaction-propulsion_engine.n.01
motor.n.01,engine.n.01
machine.n.01,motor.n.01
visual_signal.n.01,rocket.n.04
bench_warrant.n.01,pickup.n.02
warrant.n.01,bench_warrant.n.01
corrective.n.01,pickup.n.03
acquaintance.n.03,pickup.n.04
acceleration.n.01,pickup.n.05
collection.n.04,pickup.n.08
grouping.n.02,collection.n.04
heavier-than-air_craft.n.01,helicopter.n.01
heavier-than-air_craft.n.01,airplane.n.01
aircraft.n.01,heavier-than-air_craft.n.01
car.n.01,cruiser.n.01
warship.n.01,cruiser.n.02
military_vehicle.n.01,warship.n.01
compartment.n.02,car.n.03
compartment.n.02,car.n.04
root,entity.n.01
root,capital.n.06
root,aurora.n.03
root,farmer.n.02
root,farmer.n.03
root,riverside.n.02
root,land.n.10
root,caliphate.n.01
root,anchorage.n.03
root,orange.n.05
root,berry.n.03
root,cancer.n.03
root,cancer.n.04
root,constitution.n.05
root,bond.n.08
root,bond.n.09
root,pound.n.11
root,mark.n.08
root,mark.n.12
root,cordoba.n.02
root,cordoba.n.03
root,cordoba.n.04
root,ball.n.07
root,nation.n.03
root,confederacy.n.01
root,quaternary.n.01
root,day.n.10